USE CompanyDB;

-- Departments (20 rows)
INSERT INTO Departments (dept_id, dept_name) VALUES
(1,'HR'),(2,'IT'),(3,'Sales'),(4,'Finance'),(5,'Marketing'),
(6,'Operations'),(7,'Support'),(8,'Admin'),(9,'Legal'),(10,'R&D'),
(11,'QA'),(12,'Security'),(13,'Procurement'),(14,'Training'),(15,'Logistics'),
(16,'Analytics'),(17,'Design'),(18,'Product'),(19,'Compliance'),(20,'Management');

-- Employees (20 rows)
INSERT INTO Employees (emp_id, emp_name, age, salary, city, dept_id, manager_id, email, dob, join_date) VALUES
(101,'Arun',28,45000,'Delhi',2,201,'arun@mail.com','1998-01-12','2023-06-15'),
(102,'Bhavna',31,52000,'Mumbai',1,202,'bhavna@mail.com','1995-03-22','2022-02-10'),
(103,'Charan',26,39000,'Hyderabad',3,203,'charan@mail.com','2000-07-09','2024-01-05'),
(104,'Divya',29,61000,'Chennai',4,204,'divya@mail.com','1997-09-18','2021-08-11'),
(105,'Eshan',35,75000,'Delhi',2,201,'eshan@mail.com','1991-11-01','2020-04-21'),
(106,'Farah',27,47000,'Pune',5,205,'farah@mail.com','1999-05-14','2023-09-19'),
(107,'Gopal',30,58000,'Mumbai',6,206,'gopal@mail.com','1996-12-30','2022-10-01'),
(108,'Harini',24,36000,'Bengaluru',7,207,'harini@mail.com','2002-02-17','2025-01-10'),
(109,'Ishan',32,69000,'Delhi',8,208,'ishan@mail.com','1994-06-06','2021-11-03'),
(110,'Jyoti',25,41000,'Kolkata',9,209,'jyoti@mail.com','2001-04-28','2024-03-15'),
(111,'Karan',33,64000,'Delhi',10,210,'karan@mail.com','1993-08-13','2020-07-12'),
(112,'Lavanya',29,49000,'Pune',11,211,'lavanya@mail.com','1997-10-25','2023-05-22'),
(113,'Manoj',36,82000,'Hyderabad',12,212,'manoj@mail.com','1990-01-19','2019-12-01'),
(114,'Neha',28,53000,'Mumbai',13,213,'neha@mail.com','1998-03-11','2022-06-17'),
(115,'Omkar',27,46000,'Delhi',14,214,'omkar@mail.com','1999-09-07','2023-07-07'),
(116,'Priya',31,60000,'Chennai',15,215,'priya@mail.com','1995-11-29','2021-01-14'),
(117,'Qadir',34,72000,'Bengaluru',16,216,'qadir@mail.com','1992-05-03','2020-09-25'),
(118,'Riya',26,43000,'Delhi',17,217,'riya@mail.com','2000-12-20','2024-02-28'),
(119,'Suresh',38,90000,'Mumbai',18,218,'suresh@mail.com','1988-07-15','2018-05-05'),
(120,'Tanvi',30,57000,'Hyderabad',19,219,'tanvi@mail.com','1996-10-10','2022-12-12');

-- Customers (20 rows)
INSERT INTO Customers (customer_id, customer_name, city, email, join_date) VALUES
(1,'Amit','Delhi','amit@gmail.com','2024-01-01'),
(2,'Bina','Mumbai','bina@gmail.com','2024-01-05'),
(3,'Chetan','Hyderabad','chetan@gmail.com','2024-01-10'),
(4,'Deepa','Chennai','deepa@gmail.com','2024-01-12'),
(5,'Esha','Pune','esha@gmail.com','2024-01-14'),
(6,'Faiz','Delhi','faiz@gmail.com','2024-01-18'),
(7,'Gita','Mumbai','gita@gmail.com','2024-01-20'),
(8,'Hari','Bengaluru','hari@gmail.com','2024-01-22'),
(9,'Indu','Kolkata','indu@gmail.com','2024-01-25'),
(10,'Jagan','Delhi','jagan@gmail.com','2024-01-28'),
(11,'Kriti','Pune','kriti@gmail.com','2024-02-01'),
(12,'Lokesh','Chennai','lokesh@gmail.com','2024-02-03'),
(13,'Meena','Mumbai','meena@gmail.com','2024-02-05'),
(14,'Nikhil','Delhi','nikhil@gmail.com','2024-02-07'),
(15,'Oviya','Hyderabad','oviya@gmail.com','2024-02-10'),
(16,'Pavan','Bengaluru','pavan@gmail.com','2024-02-13'),
(17,'Qureshi','Kolkata','qureshi@gmail.com','2024-02-16'),
(18,'Raman','Delhi','raman@gmail.com','2024-02-19'),
(19,'Sneha','Mumbai','sneha@gmail.com','2024-02-22'),
(20,'Tarun','Pune','tarun@gmail.com','2024-02-25');

-- Orders (20 rows)
INSERT INTO Orders (order_id, emp_id, customer_id, order_date, order_value, quantity, product_name) VALUES
(1001,101,1,'2026-01-01',1200.50,2,'Laptop'),
(1002,102,2,'2026-01-02',800.00,1,'Phone'),
(1003,103,3,'2026-01-03',450.75,3,'Keyboard'),
(1004,104,4,'2026-01-04',1500.00,1,'Monitor'),
(1005,105,5,'2026-01-05',300.00,5,'Mouse'),
(1006,106,6,'2026-01-06',999.99,2,'Tablet'),
(1007,107,7,'2026-01-07',2200.00,1,'Printer'),
(1008,108,8,'2026-01-08',1750.25,2,'Scanner'),
(1009,109,9,'2026-01-09',600.00,4,'Headset'),
(1010,110,10,'2026-01-10',4500.00,1,'Server'),
(1011,111,11,'2026-01-11',250.00,10,'USB'),
(1012,112,12,'2026-01-12',1100.00,2,'Router'),
(1013,113,13,'2026-01-13',700.00,3,'SSD'),
(1014,114,14,'2026-01-14',950.00,2,'RAM'),
(1015,115,15,'2026-01-15',1300.00,1,'Projector'),
(1016,116,16,'2026-01-16',400.00,6,'Cable'),
(1017,117,17,'2026-01-17',850.00,2,'Webcam'),
(1018,118,18,'2026-01-18',670.00,3,'Speaker'),
(1019,119,19,'2026-01-19',5200.00,1,'Workstation'),
(1020,120,20,'2026-01-20',780.00,2,'Dock'),
(1021,101,2,'2026-01-21',1450.00,1,'Laptop'),
(1022,102,3,'2026-01-22',820.00,2,'Phone'),
(1023,103,4,'2026-01-23',510.00,4,'Keyboard'),
(1024,104,5,'2026-01-24',1600.00,1,'Monitor'),
(1025,105,6,'2026-01-25',350.00,5,'Mouse'),
(1026,106,7,'2026-01-26',1050.00,2,'Tablet'),
(1027,107,8,'2026-01-27',2300.00,1,'Printer'),
(1028,108,9,'2026-01-28',1800.00,2,'Scanner'),
(1029,109,10,'2026-01-29',620.00,3,'Headset'),
(1030,110,11,'2026-01-30',4700.00,1,'Server'),
(1031,111,12,'2026-01-31',275.00,8,'USB'),
(1032,112,13,'2026-02-01',1150.00,2,'Router'),
(1033,113,14,'2026-02-02',760.00,3,'SSD'),
(1034,114,15,'2026-02-03',990.00,2,'RAM'),
(1035,115,16,'2026-02-04',1350.00,1,'Projector'),
(1036,116,17,'2026-02-05',430.00,6,'Cable'),
(1037,117,18,'2026-02-06',890.00,2,'Webcam'),
(1038,118,19,'2026-02-07',700.00,3,'Speaker'),
(1039,119,20,'2026-02-08',5400.00,1,'Workstation'),
(1040,120,1,'2026-02-09',810.00,2,'Dock');

-- Sales (20 rows)
INSERT INTO Sales (sale_id, emp_id, customer_id, sale_date, revenue, profit, region) VALUES
(1,101,1,'2026-02-01',15000,3000,'North'),
(2,102,2,'2026-02-02',12000,2500,'West'),
(3,103,3,'2026-02-03',18000,4200,'South'),
(4,104,4,'2026-02-04',22000,5000,'East'),
(5,105,5,'2026-02-05',9000,1800,'North'),
(6,106,6,'2026-02-06',14000,2700,'West'),
(7,107,7,'2026-02-07',16000,3100,'South'),
(8,108,8,'2026-02-08',11000,2200,'East'),
(9,109,9,'2026-02-09',25000,6200,'North'),
(10,110,10,'2026-02-10',19500,4300,'West'),
(11,111,11,'2026-02-11',13000,2400,'South'),
(12,112,12,'2026-02-12',17000,3500,'East'),
(13,113,13,'2026-02-13',26000,7000,'North'),
(14,114,14,'2026-02-14',14500,2900,'West'),
(15,115,15,'2026-02-15',15500,3050,'South'),
(16,116,16,'2026-02-16',10000,2000,'East'),
(17,117,17,'2026-02-17',21000,4800,'North'),
(18,118,18,'2026-02-18',12500,2600,'West'),
(19,119,19,'2026-02-19',30000,8200,'South'),
(20,120,20,'2026-02-20',17500,3900,'East'),
(21,101,2,'2026-02-21',16500,3400,'North'),
(22,102,3,'2026-02-22',12800,2600,'West'),
(23,103,4,'2026-02-23',18400,4300,'South'),
(24,104,5,'2026-02-24',22800,5200,'East'),
(25,105,6,'2026-02-25',9500,1900,'North'),
(26,106,7,'2026-02-26',14200,2800,'West'),
(27,107,8,'2026-02-27',16800,3200,'South'),
(28,108,9,'2026-02-28',11800,2300,'East'),
(29,109,10,'2026-03-01',25800,6400,'North'),
(30,110,11,'2026-03-02',20000,4400,'West'),
(31,111,12,'2026-03-03',13200,2450,'South'),
(32,112,13,'2026-03-04',17600,3600,'East'),
(33,113,14,'2026-03-05',26800,7200,'North'),
(34,114,15,'2026-03-06',14900,2950,'West'),
(35,115,16,'2026-03-07',15900,3100,'South'),
(36,116,17,'2026-03-08',10400,2100,'East'),
(37,117,18,'2026-03-09',21400,4900,'North'),
(38,118,19,'2026-03-10',12900,2650,'West'),
(39,119,20,'2026-03-11',30800,8400,'South'),
(40,120,1,'2026-03-12',17900,4000,'East');

-- Attendance (20 rows)
INSERT INTO Attendance (att_id, emp_id, attendance_date, status) VALUES
(1,101,'2026-03-01','Present'),
(2,102,'2026-03-01','Absent'),
(3,103,'2026-03-01','Present'),
(4,104,'2026-03-01','Present'),
(5,105,'2026-03-01','Leave'),
(6,106,'2026-03-01','Present'),
(7,107,'2026-03-01','Present'),
(8,108,'2026-03-01','Absent'),
(9,109,'2026-03-01','Present'),
(10,110,'2026-03-01','Present'),
(11,111,'2026-03-02','Present'),
(12,112,'2026-03-02','Leave'),
(13,113,'2026-03-02','Present'),
(14,114,'2026-03-02','Present'),
(15,115,'2026-03-02','Absent'),
(16,116,'2026-03-02','Present'),
(17,117,'2026-03-02','Present'),
(18,118,'2026-03-02','Leave'),
(19,119,'2026-03-02','Present'),
(20,120,'2026-03-02','Present');
